{"time_points": [38.01433968544006, 41.25166344642639, 44.49570965766907, 47.821319341659546, 51.09473896026611, 54.376890420913696, 57.71318531036377, 61.004069328308105, 64.31591296195984, 67.5972306728363, 70.97305655479431, 74.17592310905457, 77.45185160636902, 80.70320153236389, 83.99438261985779, 87.26243305206299, 90.57279324531555, 93.86697340011597, 97.1546778678894, 100.41266465187073, 103.67707228660583, 106.93091106414795, 110.19467449188232, 113.48215222358704, 116.73792266845703, 120.00595951080322, 123.31813549995422, 126.58427572250366, 129.88570404052734, 133.17189359664917], "dl_values": [0.047, 0.047, 0.047, 0.047, 0.047, 0.046, 0.047, 0.047, 0.047, 0.047, 0.047, 0.047, 0.047, 0.047, 0.047, 0.047, 0.047, 0.047, 0.047, 0.047, 0.047, 0.047, 0.047, 0.047, 0.047, 0.047, 0.047, 0.047, 0.047, 0.047], "ul_values": [0.0, 0.0, 0.0, 0.0, 0.0, 0.0, 0.0, 0.0, 0.0, 0.0, 0.0, 0.0, 0.0, 0.0, 0.0, 0.0, 0.0, 0.0, 0.0, 0.0, 0.0, 0.0, 0.0, 0.0, 0.0, 0.0, 0.0, 0.0, 0.0, 0.0], "bler_values": [0.0, 0.0, 0.0, 0.0, 0.0, 0.0, 0.0, 0.0, 0.0, 0.0, 0.0, 0.0, 0.0, 0.0, 0.0, 0.0, 0.0, 0.0, 0.0, 0.0, 0.0, 0.0, 0.0, 0.0, 0.0, 0.0, 0.0, 0.0, 0.0, 0.0], "timestamp": 1745902322.8469267, "current_time": 133.17189359664917, "current_time_str": "0Hr 2Min 13Sec"}