{"time_points": [36.323328256607056, 39.59248733520508, 42.9176230430603, 46.200557708740234, 49.57536697387695], "dl_values": [889.508, 886.377, 886.377, 887.045, 888.488], "ul_values": [46.638, 46.439, 46.439, 46.074, 45.915], "bler_values": [7.99, 8.11, 8.11, 7.82, 4.85], "timestamp": 1746041462.0021408, "current_time": 49.57536697387695, "current_time_str": "0Hr 0Min 49Sec"}